{
  "total_return": 0.24442251867481168,
  "cagr": 0.01469231281937855,
  "ann_vol": 0.03494213238706157,
  "sharpe": 0.42081299451428333,
  "max_drawdown": -0.07759074147165856
}