{
  "total_return": 0.24806183571979257,
  "cagr": 0.01488997391892899,
  "ann_vol": 0.034941285303275685,
  "sharpe": 0.4262090942018563,
  "max_drawdown": -0.07754108458389797
}