{
  "total_return": 0.25134596291689304,
  "cagr": 0.01506788250349933,
  "ann_vol": 0.03494072481437887,
  "sharpe": 0.43106299571431045,
  "max_drawdown": -0.07749638617338306
}