{
  "total_return": 0.24988532701216792,
  "cagr": 0.014988810431364907,
  "ann_vol": 0.034940950308467576,
  "sharpe": 0.4289060143354027,
  "max_drawdown": -0.07751625297709941
}